{"stats":{"minecraft:custom":{"minecraft:time_since_rest":3769,"minecraft:play_one_minute":12355,"minecraft:damage_taken":777,"minecraft:walk_one_cm":27904,"minecraft:deaths":1,"minecraft:mob_kills":3,"minecraft:damage_dealt_resisted":171,"minecraft:jump":26,"minecraft:damage_dealt":369,"minecraft:leave_game":3,"minecraft:time_since_death":3640,"minecraft:damage_resisted":445,"minecraft:fly_one_cm":38153,"minecraft:fall_one_cm":415},"minecraft:picked_up":{"minecraft:birch_log":13,"jujutsucraft:uniform_normal_leggings":1,"minecraft:stick":2,"minecraft:birch_leaves":2,"jujutsucraft:uniform_gojo_boots":1,"jujutsucraft:uniform_gojo_leggings":1,"minecraft:oak_log":4,"jujutsucraft:uniform_normal_chestplate":1,"jujutsucraft:uniform_gojo_chestplate":1,"minecraft:grass_block":3,"minecraft:oak_sapling":2,"minecraft:birch_sapling":4,"jujutsucraft:sunglasses_helmet":1,"minecraft:oak_leaves":1,"minecraft:dirt":3},"minecraft:killed":{"jujutsucraft:cursed_spirit_grade_33":1,"jujutsucraft:cursed_spirit_grade_34":2},"minecraft:mined":{"minecraft:grass":2,"minecraft:grass_block":8,"minecraft:oak_log":3,"minecraft:birch_log":6,"minecraft:birch_leaves":2,"minecraft:oak_leaves":5}},"DataVersion":2586}