{"stats":{"minecraft:picked_up":{"minecraft:birch_log":15,"minecraft:crafting_table":1,"minecraft:seagrass":1,"minecraft:birch_leaves":2,"minecraft:azure_bluet":3,"minecraft:feather":4,"minecraft:chicken":4,"minecraft:brown_wool":1,"jujutsucraft:uniform_gojo_boots":1,"minecraft:flower_pot":1,"minecraft:andesite":3,"minecraft:salmon":2,"minecraft:leather":10,"minecraft:golden_shovel":1,"minecraft:flint":1,"minecraft:oak_log":4,"minecraft:lily_pad":1,"minecraft:gunpowder":8,"minecraft:cornflower":8,"minecraft:string":6,"minecraft:dirt":20,"jujutsucraft:uniform_normal_leggings":2,"minecraft:flint_and_steel":1,"minecraft:bone":9,"minecraft:oak_sign":1,"minecraft:bow":1,"minecraft:wheat_seeds":15,"minecraft:beef":18,"minecraft:dark_oak_sign":2,"minecraft:tall_grass":1,"minecraft:light_gray_wool":1,"minecraft:chest":1,"minecraft:birch_sapling":5,"minecraft:stick":4,"minecraft:stone":6,"minecraft:gravel":2,"jujutsucraft:uniform_gojo_leggings":1,"jujutsucraft:uniform_normal_chestplate":1,"minecraft:ink_sac":3,"jujutsucraft:uniform_gojo_chestplate":1,"minecraft:grass_block":8,"minecraft:vine":15,"minecraft:trapped_chest":2,"jujutsucraft:sunglasses_helmet":1,"minecraft:spider_eye":1,"minecraft:stripped_jungle_log":1,"minecraft:stripped_acacia_log":1,"minecraft:arrow":7,"minecraft:rotten_flesh":9,"minecraft:golden_hoe":1,"minecraft:grass":2,"minecraft:white_concrete":1,"minecraft:oak_sapling":2,"minecraft:mutton":20,"minecraft:oak_leaves":4,"minecraft:skeleton_skull":1,"minecraft:white_wool":10,"minecraft:cobblestone":6,"minecraft:oxeye_daisy":1},"minecraft:killed":{"jujutsucraft:cursed_spirit_grade_32":7,"jujutsucraft:transfigured_human_3":1,"jujutsucraft:cursed_spirit_grade_31":8,"jujutsucraft:cursed_spirit_grade_33":32,"minecraft:witch":1,"minecraft:spider":3,"minecraft:bat":1,"jujutsucraft:cursed_spirit_grade_35":7,"jujutsucraft:rock_fragment":1,"jujutsucraft:zenin_maki":1,"minecraft:creeper":3,"minecraft:sheep":13,"minecraft:skeleton":8,"jujutsucraft:cursed_spirit_grade_39":26,"jujutsucraft:cursed_spirit_grade_312":1,"minecraft:zombie":7,"jujutsucraft:crow":5,"jujutsucraft:cursed_spirit_grade_310":4,"jujutsucraft:cursed_spirit_grade_311":2,"minecraft:chicken":3,"jujutsucraft:cursed_spirit_grade_36":14,"jujutsucraft:cursed_spirit_grade_38":4,"jujutsucraft:cursed_spirit_grade_34":12,"jujutsucraft:transfigured_human_1":1,"minecraft:cow":8},"minecraft:mined":{"minecraft:glass_pane":4,"minecraft:light_gray_stained_glass_pane":6,"minecraft:crafting_table":1,"minecraft:grass_block":22,"minecraft:chest":1,"minecraft:tall_grass":17,"minecraft:lily_pad":1,"minecraft:oxeye_daisy":1,"minecraft:skeleton_skull":1,"minecraft:trapped_chest":2,"minecraft:birch_log":6,"minecraft:birch_leaves":5,"minecraft:grass":98,"minecraft:oak_log":3,"minecraft:vine":1,"minecraft:dirt":2,"minecraft:oak_leaves":14},"minecraft:killed_by":{"jujutsucraft:great_serpent":1,"jujutsucraft:itadori_yuji":1,"jujutsucraft:cursed_spirit_grade_39":1,"jujutsucraft:mahito":1,"jujutsucraft:jogo":1,"jujutsucraft:kumiya_juzo":1,"jujutsucraft:kamo_noritoshi":1,"minecraft:zombie":1,"jujutsucraft:ishigori_ryu":1,"jujutsucraft:fushiguro_toji_bug":1},"minecraft:dropped":{"minecraft:wheat_seeds":1,"jujutsucraft:uniform_gojo_leggings":1,"minecraft:rotten_flesh":2,"minecraft:leather":1,"minecraft:cornflower":1,"minecraft:beef":1,"minecraft:birch_log":2},"minecraft:custom":{"minecraft:mob_kills":174,"minecraft:play_one_minute":130438,"minecraft:damage_dealt_resisted":22423,"minecraft:leave_game":11,"minecraft:time_since_death":18175,"minecraft:damage_resisted":7939,"minecraft:climb_one_cm":11442,"minecraft:time_since_rest":22415,"minecraft:damage_absorbed":81,"minecraft:sprint_one_cm":305016,"minecraft:damage_taken":9365,"minecraft:walk_one_cm":476268,"minecraft:trigger_trapped_chest":9,"minecraft:drop":9,"minecraft:damage_dealt":30607,"minecraft:swim_one_cm":12878,"minecraft:fly_one_cm":698856,"minecraft:open_chest":22,"minecraft:crouch_one_cm":598,"minecraft:deaths":11,"minecraft:sneak_time":203,"minecraft:walk_under_water_one_cm":6219,"minecraft:interact_with_brewingstand":2,"minecraft:jump":1850,"minecraft:walk_on_water_one_cm":31256,"minecraft:fall_one_cm":79969},"minecraft:used":{"minecraft:stripped_acacia_log":1,"minecraft:writable_book":1,"minecraft:flint_and_steel":1,"minecraft:grass":1,"jujutsucraft:sukuna_finger":21,"minecraft:dirt":6,"minecraft:vine":1,"minecraft:golden_shovel":5,"minecraft:cornflower":7,"minecraft:oxeye_daisy":1,"minecraft:totem_of_undying":1,"minecraft:cobblestone":4,"minecraft:trapped_chest":2,"minecraft:white_concrete":1}},"DataVersion":2586}