{"stats":{"minecraft:used":{"minecraft:grass":2,"minecraft:dirt":1,"minecraft:granite":3,"minecraft:wooden_axe":1,"minecraft:green_wool":1,"minecraft:light_gray_wool":1,"minecraft:furnace":1,"epicfight:skillbook":1,"minecraft:stone_pickaxe":194,"minecraft:wooden_pickaxe":14,"minecraft:sand":1,"minecraft:crafting_table":5,"epicfight:stone_spear":41,"epicfight:iron_tachi":5,"jujutsucraft:sword_okkotsu_yuta":8,"minecraft:iron_pickaxe":31,"minecraft:stone_axe":9,"minecraft:cobblestone":17},"minecraft:mined":{"minecraft:dark_oak_leaves":2,"minecraft:granite":3,"minecraft:acacia_log":7,"minecraft:grass_block":92,"minecraft:white_concrete":7,"minecraft:soul_soil":5,"minecraft:spruce_leaves":2,"minecraft:furnace":1,"minecraft:iron_ore":14,"minecraft:andesite":6,"minecraft:cobblestone_slab":2,"minecraft:vine":1,"minecraft:iron_bars":2,"minecraft:green_carpet":2,"minecraft:stone":92,"minecraft:green_wool":1,"minecraft:green_bed":1,"minecraft:dandelion":1,"minecraft:crafting_table":5,"minecraft:poppy":1,"minecraft:diorite":2,"minecraft:coarse_dirt":1,"minecraft:grass":72,"minecraft:oak_log":23,"minecraft:coal_ore":50,"minecraft:sand":13,"minecraft:dirt":28,"minecraft:stone_bricks":1,"minecraft:oak_leaves":13},"minecraft:killed":{"jujutsucraft:cursed_spirit_grade_32":6,"jujutsucraft:transfigured_human_3":1,"jujutsucraft:cursed_spirit_grade_31":6,"jujutsucraft:cursed_spirit_grade_33":21,"jujutsucraft:cursed_spirit_grade_12":2,"minecraft:spider":9,"jujutsucraft:cursed_spirit_grade_35":4,"minecraft:cod":32,"jujutsucraft:cursed_spirit_grade_22":1,"jujutsucraft:transfigured_human_2":2,"minecraft:skeleton":11,"jujutsucraft:cursed_spirit_grade_39":18,"jujutsucraft:cursed_spirit_grade_312":2,"minecraft:drowned":2,"jujutsucraft:cursed_spirit_grade_38":2,"jujutsucraft:cursed_spirit_grade_34":12,"minecraft:husk":7,"minecraft:pig":5,"minecraft:salmon":14,"minecraft:bat":5,"minecraft:creeper":5,"jujutsucraft:itadori_yuji":1,"minecraft:squid":9,"minecraft:sheep":3,"minecraft:zombie":13,"jujutsucraft:crow":17,"jujutsucraft:cursed_spirit_grade_311":6,"jujutsucraft:cursed_spirit_grade_310":2,"jujutsucraft:cursed_spirit_grade_36":8,"minecraft:villager":4,"minecraft:cow":7},"minecraft:crafted":{"minecraft:oak_planks":88,"minecraft:furnace":1,"minecraft:stone_pickaxe":2,"epicfight:stone_spear":1,"minecraft:crafting_table":2,"minecraft:wooden_pickaxe":2,"minecraft:iron_sword":1,"minecraft:stone_axe":2,"minecraft:air":0,"epicfight:iron_tachi":1,"minecraft:stick":48,"minecraft:iron_ingot":14,"minecraft:iron_pickaxe":1,"minecraft:wooden_axe":1,"minecraft:stone_sword":1,"minecraft:iron_leggings":1,"minecraft:acacia_planks":28},"minecraft:broken":{"minecraft:stone_pickaxe":1},"minecraft:dropped":{"minecraft:vine":7,"minecraft:wheat_seeds":6,"minecraft:apple":1,"minecraft:leather":5,"epicfight:stone_spear":1,"minecraft:spruce_door":1,"minecraft:dirt":20,"minecraft:diorite":1,"minecraft:mutton":1,"minecraft:white_concrete":6,"minecraft:green_carpet":2,"minecraft:sand":2,"minecraft:string":8,"minecraft:dandelion":1,"minecraft:bone":3,"minecraft:soul_soil":3,"jujutsucraft:item_master_simple_domain":1,"minecraft:rotten_flesh":10,"minecraft:cobblestone_slab":2,"minecraft:gunpowder":4,"minecraft:oak_sapling":2,"minecraft:stone_bricks":1,"minecraft:spider_eye":2,"minecraft:iron_bars":2,"minecraft:arrow":5,"minecraft:beef":2,"minecraft:oak_leaves":1,"minecraft:egg":1},"minecraft:picked_up":{"minecraft:crafting_table":7,"minecraft:wooden_pickaxe":3,"minecraft:brewing_stand":1,"minecraft:string":9,"minecraft:soul_soil":3,"minecraft:iron_leggings":1,"minecraft:blue_orchid":3,"minecraft:beef":15,"minecraft:cobblestone_slab":2,"minecraft:poppy":2,"minecraft:light_gray_wool":1,"minecraft:furnace":1,"minecraft:egg":1,"minecraft:stick":2,"jujutsucraft:item_master_simple_domain":1,"minecraft:acacia_log":7,"minecraft:green_bed":1,"epicfight:skillbook":1,"minecraft:porkchop":11,"minecraft:diorite":1,"minecraft:vine":7,"minecraft:rotten_flesh":19,"minecraft:arrow":7,"minecraft:bookshelf":1,"minecraft:green_wool":1,"minecraft:mutton":4,"minecraft:cod":1,"minecraft:iron_bars":2,"minecraft:white_wool":1,"minecraft:cobblestone":86,"epicfight:stone_spear":1,"minecraft:andesite":5,"minecraft:leather":6,"minecraft:oak_log":22,"minecraft:gunpowder":6,"minecraft:gray_concrete":2,"minecraft:dirt":86,"minecraft:bone":10,"minecraft:apple":2,"minecraft:stone_bricks":1,"minecraft:wheat_seeds":6,"minecraft:iron_ingot":1,"minecraft:stone_pickaxe":2,"minecraft:iron_ore":14,"minecraft:glowstone_dust":1,"minecraft:dandelion":1,"minecraft:sand":7,"minecraft:spruce_door":1,"minecraft:green_carpet":2,"minecraft:spider_eye":2,"minecraft:stone_axe":2,"minecraft:granite":3,"minecraft:grass":2,"minecraft:gray_wool":1,"minecraft:white_concrete":6,"minecraft:bread":1,"minecraft:oak_sapling":2,"minecraft:coal":35,"minecraft:oak_leaves":1},"minecraft:killed_by":{"jujutsucraft:choso":1,"jujutsucraft:cursed_spirit_grade_11":1,"jujutsucraft:cursed_spirit_grade_12":1,"jujutsucraft:kashimo_hajime":1,"jujutsucraft:nue":1,"jujutsucraft:cursed_spirit_grade_22":1,"jujutsucraft:fushiguro_toji":2,"jujutsucraft:panda_normal":1,"jujutsucraft:hanami":4,"jujutsucraft:fushiguro_toji_bug":1,"jujutsucraft:sukuna_fushiguro":1,"jujutsucraft:inumaki_toge":1,"jujutsucraft:kamo_noritoshi":1,"jujutsucraft:polymorphic_soul_isomer":1,"jujutsucraft:geto_suguru_curse_user":1},"minecraft:custom":{"minecraft:mob_kills":246,"minecraft:interact_with_crafting_table":13,"minecraft:damage_dealt_resisted":26657,"minecraft:leave_game":28,"minecraft:time_since_death":29077,"minecraft:climb_one_cm":6521,"minecraft:damage_resisted":12128,"minecraft:sprint_one_cm":587083,"minecraft:walk_one_cm":560400,"minecraft:drop":101,"minecraft:damage_dealt_absorbed":76,"minecraft:talked_to_villager":1,"minecraft:sneak_time":52,"minecraft:deaths":20,"minecraft:walk_under_water_one_cm":21943,"minecraft:jump":2288,"minecraft:interact_with_blast_furnace":5,"minecraft:walk_on_water_one_cm":59950,"minecraft:interact_with_furnace":8,"minecraft:play_one_minute":212426,"minecraft:sleep_in_bed":2,"minecraft:time_since_rest":29118,"minecraft:damage_absorbed":40,"minecraft:damage_taken":13685,"minecraft:damage_dealt":3538,"minecraft:swim_one_cm":17880,"minecraft:fly_one_cm":550983,"minecraft:open_chest":6,"minecraft:crouch_one_cm":250,"minecraft:fall_one_cm":75527,"minecraft:inspect_dispenser":12}},"DataVersion":2586}