{"stats":{"minecraft:custom":{"minecraft:mob_kills":72,"minecraft:interact_with_crafting_table":4,"minecraft:play_one_minute":60602,"minecraft:damage_dealt_resisted":10844,"minecraft:leave_game":1,"minecraft:time_since_death":5425,"minecraft:sleep_in_bed":1,"minecraft:damage_resisted":2606,"minecraft:time_since_rest":5499,"minecraft:sprint_one_cm":249245,"minecraft:damage_taken":3990,"minecraft:walk_one_cm":165520,"minecraft:damage_dealt":587,"minecraft:damage_dealt_absorbed":76,"minecraft:swim_one_cm":8823,"minecraft:talked_to_villager":1,"minecraft:fly_one_cm":196433,"minecraft:open_chest":3,"minecraft:deaths":5,"minecraft:sneak_time":11,"minecraft:walk_under_water_one_cm":2331,"minecraft:jump":811,"minecraft:interact_with_blast_furnace":1,"minecraft:walk_on_water_one_cm":12675,"minecraft:fall_one_cm":22212},"minecraft:mined":{"minecraft:crafting_table":1,"minecraft:granite":3,"minecraft:acacia_log":7,"minecraft:coarse_dirt":1,"minecraft:grass":16,"minecraft:oak_log":5,"minecraft:coal_ore":36,"minecraft:sand":1,"minecraft:dirt":1,"minecraft:stone":20,"minecraft:oak_leaves":7},"minecraft:killed_by":{"jujutsucraft:cursed_spirit_grade_11":1,"jujutsucraft:cursed_spirit_grade_12":1,"jujutsucraft:kashimo_hajime":1,"jujutsucraft:cursed_spirit_grade_22":1,"jujutsucraft:fushiguro_toji_bug":1},"minecraft:used":{"minecraft:stone_pickaxe":57,"minecraft:wooden_pickaxe":3,"minecraft:grass":1,"minecraft:dirt":1,"minecraft:crafting_table":1,"minecraft:granite":3,"minecraft:stone_axe":5,"minecraft:cobblestone":10},"minecraft:killed":{"jujutsucraft:cursed_spirit_grade_32":5,"jujutsucraft:cursed_spirit_grade_31":2,"jujutsucraft:cursed_spirit_grade_33":7,"minecraft:husk":1,"minecraft:pig":4,"jujutsucraft:cursed_spirit_grade_12":2,"jujutsucraft:cursed_spirit_grade_35":1,"minecraft:creeper":1,"minecraft:sheep":2,"minecraft:skeleton":1,"jujutsucraft:cursed_spirit_grade_39":17,"jujutsucraft:cursed_spirit_grade_312":2,"minecraft:zombie":3,"jujutsucraft:crow":4,"jujutsucraft:cursed_spirit_grade_311":3,"jujutsucraft:cursed_spirit_grade_310":2,"jujutsucraft:cursed_spirit_grade_36":3,"jujutsucraft:cursed_spirit_grade_34":3,"minecraft:cow":4},"minecraft:crafted":{"minecraft:oak_planks":16,"minecraft:crafting_table":2,"minecraft:wooden_pickaxe":1,"minecraft:stone_axe":1,"minecraft:stick":8,"minecraft:stone_pickaxe":1,"minecraft:acacia_planks":28},"minecraft:picked_up":{"minecraft:crafting_table":3,"minecraft:leather":4,"minecraft:wooden_pickaxe":2,"minecraft:oak_log":4,"minecraft:brewing_stand":1,"minecraft:gunpowder":2,"minecraft:dirt":1,"minecraft:gray_concrete":2,"minecraft:bone":4,"minecraft:apple":1,"minecraft:blue_orchid":3,"minecraft:wheat_seeds":1,"minecraft:beef":7,"minecraft:iron_ingot":1,"minecraft:stone_pickaxe":2,"minecraft:poppy":1,"minecraft:acacia_log":7,"minecraft:porkchop":8,"minecraft:sand":4,"minecraft:arrow":2,"minecraft:rotten_flesh":7,"minecraft:stone_axe":2,"minecraft:granite":3,"minecraft:grass":1,"minecraft:gray_wool":1,"minecraft:bookshelf":1,"minecraft:bread":1,"minecraft:mutton":3,"minecraft:coal":35,"minecraft:white_wool":1,"minecraft:cobblestone":19}},"DataVersion":2586}