{"stats":{"minecraft:crafted":{"epicfight:stone_spear":1,"minecraft:oak_planks":88,"minecraft:crafting_table":2,"minecraft:wooden_pickaxe":2,"minecraft:stone_axe":2,"minecraft:stick":48,"minecraft:stone_pickaxe":2,"minecraft:wooden_axe":1,"minecraft:stone_sword":1,"minecraft:acacia_planks":28},"minecraft:killed_by":{"jujutsucraft:choso":1,"jujutsucraft:sukuna_fushiguro":1,"jujutsucraft:inumaki_toge":1,"jujutsucraft:cursed_spirit_grade_11":1,"jujutsucraft:cursed_spirit_grade_12":1,"jujutsucraft:kamo_noritoshi":1,"jujutsucraft:polymorphic_soul_isomer":1,"jujutsucraft:kashimo_hajime":1,"jujutsucraft:nue":1,"jujutsucraft:cursed_spirit_grade_22":1,"jujutsucraft:panda_normal":1,"jujutsucraft:fushiguro_toji":2,"jujutsucraft:hanami":4,"jujutsucraft:fushiguro_toji_bug":1,"jujutsucraft:geto_suguru_curse_user":1},"minecraft:used":{"epicfight:skillbook":1,"minecraft:stone_pickaxe":79,"minecraft:wooden_pickaxe":14,"minecraft:grass":2,"minecraft:dirt":1,"minecraft:sand":1,"minecraft:crafting_table":4,"minecraft:granite":3,"epicfight:stone_spear":11,"minecraft:wooden_axe":1,"minecraft:green_wool":1,"minecraft:stone_axe":7,"minecraft:light_gray_wool":1,"minecraft:cobblestone":12},"minecraft:dropped":{"minecraft:vine":7,"minecraft:wheat_seeds":6,"minecraft:apple":1,"minecraft:leather":5,"minecraft:spruce_door":1,"minecraft:gunpowder":2,"minecraft:oak_sapling":2,"minecraft:spider_eye":2,"minecraft:sand":2,"minecraft:arrow":1,"minecraft:string":7},"minecraft:picked_up":{"minecraft:crafting_table":6,"minecraft:leather":5,"minecraft:wooden_pickaxe":3,"minecraft:oak_log":22,"minecraft:brewing_stand":1,"minecraft:gunpowder":4,"minecraft:gray_concrete":2,"minecraft:dirt":49,"minecraft:string":8,"minecraft:bone":7,"minecraft:blue_orchid":3,"minecraft:apple":2,"minecraft:wheat_seeds":6,"minecraft:iron_ingot":1,"minecraft:beef":12,"minecraft:stone_pickaxe":2,"minecraft:poppy":1,"minecraft:light_gray_wool":1,"minecraft:green_bed":1,"minecraft:acacia_log":7,"epicfight:skillbook":1,"minecraft:porkchop":8,"minecraft:sand":7,"minecraft:vine":7,"minecraft:green_carpet":2,"minecraft:spruce_door":1,"minecraft:spider_eye":2,"minecraft:arrow":6,"minecraft:rotten_flesh":16,"minecraft:stone_axe":2,"minecraft:granite":3,"minecraft:grass":2,"minecraft:green_wool":1,"minecraft:gray_wool":1,"minecraft:bookshelf":1,"minecraft:bread":1,"minecraft:oak_sapling":2,"minecraft:mutton":4,"minecraft:coal":35,"minecraft:white_wool":1,"minecraft:cobblestone":46},"minecraft:killed":{"jujutsucraft:cursed_spirit_grade_32":5,"jujutsucraft:cursed_spirit_grade_31":5,"jujutsucraft:cursed_spirit_grade_33":13,"minecraft:husk":7,"minecraft:pig":4,"jujutsucraft:cursed_spirit_grade_12":2,"minecraft:spider":7,"jujutsucraft:cursed_spirit_grade_35":3,"minecraft:bat":1,"minecraft:creeper":3,"minecraft:squid":1,"minecraft:sheep":3,"minecraft:skeleton":6,"jujutsucraft:cursed_spirit_grade_39":18,"jujutsucraft:cursed_spirit_grade_312":2,"minecraft:zombie":8,"jujutsucraft:crow":15,"jujutsucraft:cursed_spirit_grade_311":4,"jujutsucraft:cursed_spirit_grade_310":2,"jujutsucraft:cursed_spirit_grade_36":8,"jujutsucraft:cursed_spirit_grade_38":1,"jujutsucraft:cursed_spirit_grade_34":11,"minecraft:villager":4,"minecraft:cow":6},"minecraft:mined":{"minecraft:crafting_table":4,"minecraft:granite":3,"minecraft:acacia_log":7,"minecraft:grass_block":43,"minecraft:coarse_dirt":1,"minecraft:grass":58,"minecraft:coal_ore":36,"minecraft:oak_log":23,"minecraft:vine":1,"minecraft:sand":13,"minecraft:dirt":12,"minecraft:green_carpet":2,"minecraft:stone":47,"minecraft:green_bed":1,"minecraft:green_wool":1,"minecraft:oak_leaves":10},"minecraft:custom":{"minecraft:mob_kills":148,"minecraft:interact_with_crafting_table":10,"minecraft:play_one_minute":155101,"minecraft:damage_dealt_resisted":20017,"minecraft:leave_game":15,"minecraft:time_since_death":537,"minecraft:sleep_in_bed":2,"minecraft:damage_resisted":8667,"minecraft:climb_one_cm":4957,"minecraft:time_since_rest":604,"minecraft:sprint_one_cm":467954,"minecraft:damage_taken":11436,"minecraft:walk_one_cm":430751,"minecraft:drop":36,"minecraft:damage_dealt":3538,"minecraft:damage_dealt_absorbed":76,"minecraft:swim_one_cm":11868,"minecraft:talked_to_villager":1,"minecraft:fly_one_cm":469050,"minecraft:open_chest":6,"minecraft:crouch_one_cm":250,"minecraft:deaths":19,"minecraft:sneak_time":52,"minecraft:walk_under_water_one_cm":2633,"minecraft:jump":1567,"minecraft:interact_with_blast_furnace":1,"minecraft:walk_on_water_one_cm":23409,"minecraft:fall_one_cm":48167}},"DataVersion":2586}