{"stats":{"minecraft:killed_by":{"jujutsucraft:sukuna_fushiguro":1,"jujutsucraft:cursed_spirit_grade_11":1,"jujutsucraft:cursed_spirit_grade_12":1,"jujutsucraft:kamo_noritoshi":1,"jujutsucraft:kashimo_hajime":1,"jujutsucraft:cursed_spirit_grade_22":1,"jujutsucraft:hanami":4,"jujutsucraft:fushiguro_toji_bug":1,"jujutsucraft:geto_suguru_curse_user":1},"minecraft:mined":{"minecraft:crafting_table":1,"minecraft:granite":3,"minecraft:acacia_log":7,"minecraft:grass_block":30,"minecraft:coarse_dirt":1,"minecraft:grass":43,"minecraft:oak_log":17,"minecraft:coal_ore":36,"minecraft:sand":13,"minecraft:dirt":3,"minecraft:stone":20,"minecraft:green_wool":1,"minecraft:oak_leaves":9},"minecraft:picked_up":{"minecraft:crafting_table":3,"minecraft:leather":5,"minecraft:wooden_pickaxe":2,"minecraft:oak_log":16,"minecraft:brewing_stand":1,"minecraft:gunpowder":2,"minecraft:dirt":34,"minecraft:gray_concrete":2,"minecraft:string":7,"minecraft:bone":4,"minecraft:blue_orchid":3,"minecraft:apple":1,"minecraft:wheat_seeds":4,"minecraft:iron_ingot":1,"minecraft:beef":10,"minecraft:stone_pickaxe":2,"minecraft:poppy":1,"minecraft:acacia_log":7,"minecraft:porkchop":8,"minecraft:sand":7,"minecraft:vine":5,"minecraft:spruce_door":1,"minecraft:arrow":2,"minecraft:rotten_flesh":14,"minecraft:stone_axe":2,"minecraft:granite":3,"minecraft:grass":1,"minecraft:green_wool":1,"minecraft:gray_wool":1,"minecraft:bookshelf":1,"minecraft:bread":1,"minecraft:oak_sapling":1,"minecraft:mutton":3,"minecraft:coal":35,"minecraft:white_wool":1,"minecraft:cobblestone":19},"minecraft:crafted":{"minecraft:oak_planks":16,"minecraft:crafting_table":2,"minecraft:wooden_pickaxe":1,"minecraft:stone_axe":1,"minecraft:stick":8,"minecraft:stone_pickaxe":1,"minecraft:acacia_planks":28},"minecraft:used":{"minecraft:stone_pickaxe":57,"minecraft:wooden_pickaxe":3,"minecraft:grass":1,"minecraft:dirt":1,"minecraft:sand":1,"minecraft:crafting_table":1,"minecraft:granite":3,"minecraft:green_wool":1,"minecraft:stone_axe":5,"minecraft:cobblestone":10},"minecraft:custom":{"minecraft:mob_kills":98,"minecraft:interact_with_crafting_table":4,"minecraft:play_one_minute":94756,"minecraft:damage_dealt_resisted":12735,"minecraft:leave_game":7,"minecraft:time_since_death":5458,"minecraft:sleep_in_bed":1,"minecraft:climb_one_cm":3639,"minecraft:damage_resisted":4888,"minecraft:time_since_rest":5502,"minecraft:sprint_one_cm":324780,"minecraft:damage_taken":7436,"minecraft:walk_one_cm":249415,"minecraft:damage_dealt":1851,"minecraft:damage_dealt_absorbed":76,"minecraft:swim_one_cm":8823,"minecraft:talked_to_villager":1,"minecraft:fly_one_cm":283673,"minecraft:open_chest":4,"minecraft:deaths":12,"minecraft:sneak_time":11,"minecraft:walk_under_water_one_cm":2331,"minecraft:jump":1072,"minecraft:interact_with_blast_furnace":1,"minecraft:walk_on_water_one_cm":13926,"minecraft:fall_one_cm":29283},"minecraft:killed":{"jujutsucraft:cursed_spirit_grade_32":5,"jujutsucraft:cursed_spirit_grade_31":3,"jujutsucraft:cursed_spirit_grade_33":10,"minecraft:husk":4,"minecraft:pig":4,"jujutsucraft:cursed_spirit_grade_12":2,"minecraft:spider":5,"jujutsucraft:cursed_spirit_grade_35":1,"minecraft:creeper":2,"minecraft:sheep":2,"minecraft:skeleton":1,"jujutsucraft:cursed_spirit_grade_39":17,"jujutsucraft:cursed_spirit_grade_312":2,"minecraft:zombie":7,"jujutsucraft:crow":4,"jujutsucraft:cursed_spirit_grade_311":3,"jujutsucraft:cursed_spirit_grade_310":2,"jujutsucraft:cursed_spirit_grade_36":4,"jujutsucraft:cursed_spirit_grade_34":7,"minecraft:cow":5}},"DataVersion":2586}