{"stat.pickup.minecraft.bone":2,"stat.leaveGame":5,"stat.pickup.minecraft.arrow":1,"stat.mineBlock.minecraft.cobblestone":1,"stat.pickup.minecraft.stone_pickaxe":1,"stat.pickup.minecraft.stone_axe":1,"stat.mineBlock.srparasites.gore":2,"stat.jump":487,"stat.swimOneCm":2138,"stat.pickup.minecraft.coal":56,"stat.fallOneCm":8585,"stat.climbOneCm":1421,"stat.useItem.minecraft.planks":2,"stat.useItem.minecraft.stone_axe":50,"stat.crouchOneCm":57,"stat.pickup.minecraft.dirt":54,"stat.useItem.minecraft.dirt":5,"stat.useItem.minecraft.stone_slab2":9,"stat.craftingTableInteraction":5,"stat.pickup.minecraft.iron_ore":16,"stat.pickup.minecraft.rotten_flesh":3,"stat.craftItem.minecraft.furnace":1,"stat.craftItem.minecraft.stone_axe":1,"stat.mineBlock.minecraft.leaves2":5,"stat.mineBlock.minecraft.log2":11,"stat.pickup.minecraft.wooden_pickaxe":1,"stat.pickup.minecraft.leather":3,"stat.damageTaken":426,"stat.craftItem.minecraft.stone_pickaxe":1,"stat.useItem.minecraft.wooden_pickaxe":27,"stat.pickup.minecraft.cobblestone":66,"stat.pickup.minecraft.log2":11,"stat.pickup.minecraft.planks":60,"stat.flyOneCm":63371,"stat.pickup.minecraft.bed":5,"stat.pickup.minecraft.wheat_seeds":2,"stat.useItem.minecraft.stone_pickaxe":119,"stat.damageDealt":845,"stat.mineBlock.minecraft.iron_ore":16,"stat.sleepInBed":2,"stat.timeSinceDeath":19321,"stat.killEntity.Cow":1,"stat.mineBlock.minecraft.dirt":29,"stat.craftItem.minecraft.wooden_pickaxe":1,"stat.walkOneCm":117906,"stat.pickup.minecraft.stick":8,"stat.pickup.minecraft.wooden_axe":1,"stat.pickup.minecraft.crafting_table":2,"stat.craftItem.minecraft.crafting_table":2,"stat.furnaceInteraction":1,"stat.mineBlock.minecraft.double_plant":2,"stat.mineBlock.minecraft.coal_ore":40,"stat.talkedToVillager":1,"stat.pickup.minecraft.log":22,"stat.pickup.minecraft.beef":4,"stat.useItem.minecraft.cooked_mutton":2,"stat.pickup.minecraft.stone":1,"stat.pickup.minecraft.sapling":1,"stat.sprintOneCm":64546,"stat.craftItem.minecraft.wooden_axe":1,"stat.craftItem.minecraft.stick":16,"stat.craftItem.minecraft.planks":132,"stat.mineBlock.minecraft.crafting_table":1,"stat.mobKills":5,"stat.useItem.minecraft.beef":2,"stat.mineBlock.minecraft.planks":5,"stat.deaths":1,"stat.playOneMinute":35432,"stat.sneakTime":44,"stat.pickup.minecraft.wool":2,"stat.killEntity.Zombie":2,"stat.useItem.minecraft.wooden_axe":10,"stat.pickup.minecraft.yellow_flower":1,"stat.mineBlock.minecraft.stone":66,"stat.mineBlock.minecraft.tallgrass":20,"stat.diveOneCm":3892,"stat.pickup.minecraft.cooked_mutton":10}