{"stats":{"minecraft:killed_by":{"jujutsucraft:choso":1,"jujutsucraft:sukuna_fushiguro":1,"jujutsucraft:inumaki_toge":1,"jujutsucraft:cursed_spirit_grade_11":1,"jujutsucraft:cursed_spirit_grade_12":1,"jujutsucraft:kamo_noritoshi":1,"jujutsucraft:polymorphic_soul_isomer":1,"jujutsucraft:kashimo_hajime":1,"jujutsucraft:cursed_spirit_grade_22":1,"jujutsucraft:panda_normal":1,"jujutsucraft:fushiguro_toji":2,"jujutsucraft:hanami":4,"jujutsucraft:fushiguro_toji_bug":1,"jujutsucraft:geto_suguru_curse_user":1},"minecraft:crafted":{"minecraft:oak_planks":88,"minecraft:crafting_table":2,"minecraft:wooden_pickaxe":1,"minecraft:stone_axe":1,"minecraft:stick":48,"minecraft:wooden_axe":1,"minecraft:stone_pickaxe":1,"minecraft:acacia_planks":28},"minecraft:mined":{"minecraft:crafting_table":1,"minecraft:granite":3,"minecraft:acacia_log":7,"minecraft:grass_block":42,"minecraft:coarse_dirt":1,"minecraft:grass":58,"minecraft:oak_log":23,"minecraft:coal_ore":36,"minecraft:vine":1,"minecraft:sand":13,"minecraft:dirt":7,"minecraft:stone":20,"minecraft:green_wool":1,"minecraft:oak_leaves":10},"minecraft:custom":{"minecraft:mob_kills":136,"minecraft:interact_with_crafting_table":5,"minecraft:play_one_minute":129551,"minecraft:damage_dealt_resisted":15415,"minecraft:leave_game":14,"minecraft:time_since_death":3348,"minecraft:sleep_in_bed":1,"minecraft:damage_resisted":6649,"minecraft:climb_one_cm":4616,"minecraft:time_since_rest":3483,"minecraft:sprint_one_cm":369015,"minecraft:damage_taken":10080,"minecraft:walk_one_cm":314242,"minecraft:drop":36,"minecraft:damage_dealt":2617,"minecraft:damage_dealt_absorbed":76,"minecraft:swim_one_cm":8823,"minecraft:talked_to_villager":1,"minecraft:fly_one_cm":346358,"minecraft:open_chest":4,"minecraft:deaths":18,"minecraft:sneak_time":11,"minecraft:walk_under_water_one_cm":2331,"minecraft:jump":1266,"minecraft:interact_with_blast_furnace":1,"minecraft:walk_on_water_one_cm":21155,"minecraft:fall_one_cm":34148},"minecraft:dropped":{"minecraft:vine":7,"minecraft:wheat_seeds":6,"minecraft:leather":5,"minecraft:apple":1,"minecraft:spruce_door":1,"minecraft:gunpowder":2,"minecraft:oak_sapling":2,"minecraft:spider_eye":2,"minecraft:sand":2,"minecraft:arrow":1,"minecraft:string":7},"minecraft:killed":{"jujutsucraft:cursed_spirit_grade_32":5,"jujutsucraft:cursed_spirit_grade_31":3,"jujutsucraft:cursed_spirit_grade_33":13,"minecraft:husk":6,"minecraft:pig":4,"jujutsucraft:cursed_spirit_grade_12":2,"minecraft:spider":7,"minecraft:bat":1,"jujutsucraft:cursed_spirit_grade_35":2,"minecraft:creeper":3,"minecraft:squid":1,"minecraft:sheep":3,"minecraft:skeleton":5,"jujutsucraft:cursed_spirit_grade_39":17,"jujutsucraft:cursed_spirit_grade_312":2,"minecraft:zombie":8,"jujutsucraft:crow":15,"jujutsucraft:cursed_spirit_grade_311":3,"jujutsucraft:cursed_spirit_grade_310":2,"jujutsucraft:cursed_spirit_grade_36":7,"jujutsucraft:cursed_spirit_grade_38":1,"jujutsucraft:cursed_spirit_grade_34":11,"minecraft:cow":6},"minecraft:picked_up":{"minecraft:crafting_table":3,"minecraft:leather":5,"minecraft:wooden_pickaxe":2,"minecraft:oak_log":22,"minecraft:brewing_stand":1,"minecraft:gunpowder":4,"minecraft:dirt":43,"minecraft:gray_concrete":2,"minecraft:string":7,"minecraft:bone":6,"minecraft:blue_orchid":3,"minecraft:apple":2,"minecraft:wheat_seeds":6,"minecraft:iron_ingot":1,"minecraft:beef":12,"minecraft:stone_pickaxe":2,"minecraft:poppy":1,"minecraft:light_gray_wool":1,"minecraft:acacia_log":7,"minecraft:porkchop":8,"minecraft:sand":7,"minecraft:vine":7,"minecraft:spruce_door":1,"minecraft:spider_eye":2,"minecraft:arrow":3,"minecraft:rotten_flesh":14,"minecraft:stone_axe":2,"minecraft:granite":3,"minecraft:grass":2,"minecraft:green_wool":1,"minecraft:gray_wool":1,"minecraft:bookshelf":1,"minecraft:bread":1,"minecraft:oak_sapling":2,"minecraft:mutton":4,"minecraft:coal":35,"minecraft:white_wool":1,"minecraft:cobblestone":19},"minecraft:used":{"minecraft:stone_pickaxe":57,"minecraft:wooden_pickaxe":3,"minecraft:grass":2,"minecraft:dirt":1,"minecraft:sand":1,"minecraft:crafting_table":2,"minecraft:granite":3,"minecraft:green_wool":1,"minecraft:stone_axe":5,"minecraft:light_gray_wool":1,"minecraft:cobblestone":10}},"DataVersion":2586}