{"stat.leaveGame":3,"stat.mineBlock.minecraft.cobblestone":3,"stat.pickup.minecraft.stone_pickaxe":2,"stat.mineBlock.srparasites.gore":2,"stat.useItem.minecraft.mutton":1,"stat.swimOneCm":14585,"stat.useItem.minecraft.planks":11,"stat.useItem.minecraft.dirt":1,"stat.useItem.minecraft.stone_slab2":10,"stat.pickup.minecraft.rotten_flesh":3,"stat.craftItem.minecraft.furnace":1,"stat.craftItem.minecraft.stone_axe":2,"stat.craftItem.minecraft.stone_pickaxe":1,"stat.craftItem.minecraft.cooked_beef":1,"stat.pickup.minecraft.cobblestone":178,"stat.flyOneCm":389609,"stat.drop.minecraft.wheat_seeds":2,"stat.useItem.minecraft.cooked_beef":1,"stat.mineBlock.minecraft.iron_ore":20,"stat.timeSinceDeath":0,"stat.craftItem.minecraft.wooden_pickaxe":1,"stat.pickup.minecraft.mutton":28,"stat.drop.minecraft.cooked_mutton":10,"stat.craftItem.minecraft.bed":2,"stat.furnaceInteraction":11,"stat.killEntity.ZombieVillager":1,"stat.mineBlock.minecraft.coal_ore":16,"stat.talkedToVillager":1,"stat.pickup.minecraft.string":3,"stat.pickup.minecraft.beef":1,"stat.useItem.minecraft.cooked_mutton":10,"stat.pickup.minecraft.furnace":4,"stat.craftItem.minecraft.stone_slab2":0,"stat.sprintOneCm":165050,"stat.craftItem.minecraft.stick":20,"stat.mineBlock.overlast.yellow_leaves":1,"stat.mineBlock.minecraft.crafting_table":4,"stat.deaths":15,"stat.drop":14,"stat.playOneMinute":59963,"stat.killEntity.Sheep":12,"stat.killEntity.Zombie":5,"stat.mineBlock.minecraft.tallgrass":10,"stat.craftItem.minecraft.cooked_mutton":12,"stat.diveOneCm":35607,"stat.pickup.minecraft.cooked_mutton":12,"stat.pickup.minecraft.wheat":1,"stat.pickup.minecraft.stone_axe":4,"stat.jump":1562,"stat.pickup.minecraft.coal":24,"stat.fallOneCm":50740,"stat.useItem.minecraft.stone_axe":136,"stat.crouchOneCm":684,"stat.craftItem.minecraft.torch":48,"stat.pickup.minecraft.dirt":5,"stat.craftingTableInteraction":7,"stat.pickup.minecraft.iron_ore":60,"stat.pickup.minecraft.wooden_pickaxe":2,"stat.damageTaken":3789,"stat.pickup.minecraft.leather":1,"stat.mineBlock.minecraft.furnace":1,"stat.mineBlock.minecraft.torch":3,"stat.useItem.minecraft.wooden_pickaxe":3,"stat.pickup.srparasites.assimilated_flesh":6,"stat.pickup.minecraft.planks":63,"stat.pickup.minecraft.reeds":24,"stat.pickup.minecraft.bed":4,"stat.pickup.minecraft.wheat_seeds":5,"stat.useItem.minecraft.stone_pickaxe":62,"stat.damageDealt":3690,"stat.sleepInBed":3,"stat.killEntity.Cow":1,"stat.mineBlock.minecraft.dirt":5,"stat.walkOneCm":100086,"stat.useItem.minecraft.torch":3,"stat.drop.minecraft.wheat":1,"stat.pickup.minecraft.stick":2,"stat.drop.minecraft.rotten_flesh":2,"stat.pickup.minecraft.crafting_table":8,"stat.useItem.minecraft.cobblestone":11,"stat.craftItem.minecraft.crafting_table":1,"stat.pickup.minecraft.log":103,"stat.pickup.minecraft.cooked_beef":1,"stat.mineBlock.overlast.red_leaves":1,"stat.killEntity.Skeleton":1,"stat.craftItem.minecraft.planks":60,"stat.mobKills":31,"stat.pickup.minecraft.book":21,"stat.mineBlock.minecraft.log":59,"stat.mineBlock.minecraft.bookshelf":7,"stat.pickup.minecraft.torch":99,"stat.sneakTime":163,"stat.pickup.minecraft.wool":11,"stat.drop.minecraft.stone_axe":1,"stat.pickup.minecraft.yellow_flower":2,"stat.mineBlock.minecraft.stone":24}